state,Klf2,Nfatc2,Egr1,Hnf4a,Tcf7,Klf1,Mycn,Hivep2,Hoxa5,Rel
root,0.3,0.3,1.75614,0.3,0.3,3.0,1.396658,0.3,0.3,0.3
branch0,0.3,0.3,0.590219,0.3,0.3,3.0,0.3,0.3,0.3,0.3
branch1,0.3,0.3,0.3,0.40975,0.3,3.0,0.3,0.3,0.39867,1.096764
