state,Jun,Sp3,Stat3,Ets1,Smad4,Stat1,Ep300,Esr2,Ets2,Usf1
root,1.267732,1.925696,0.716239,1.922974,0.967747,1.13499,1.741554,1.113799,1.324391,0.541339
branch0,1.621806,2.136014,1.04764,2.164529,1.235788,0.647326,1.46537,1.482135,0.733059,0.3
branch1,0.913658,1.715377,0.384839,1.681419,0.699706,1.622654,2.017738,0.745463,1.915722,1.124084
